ProductID,Product,Product Code,Product Image
1,Smartphone,SM-5933-BK,https://images.unsplash.com/photo-1598327105666-5b89351aff97?fm=jpg&amp;q=60&amp;w=3000&amp;ixlib=rb-4.0.3&amp;ixid=M3wxMjA3fDB8MHxwaG90by1wYWdlfHx8fGVufDB8fHx8fA%3D%3D
2,Smartphone,SM-7818-RD,https://images.unsplash.com/photo-1535240073203-05bc5d7f1113?fm=jpg&amp;q=60&amp;w=3000&amp;ixlib=rb-4.0.3&amp;ixid=M3wxMjA3fDB8MHxwaG90by1wYWdlfHx8fGVufDB8fHx8fA%3D%3D
3,Smartphone,SM-5195-BL,https://images.unsplash.com/photo-1536846670933-ce6eef8dfe89?fm=jpg&amp;q=60&amp;w=3000&amp;ixlib=rb-4.0.3&amp;ixid=M3wxMjA3fDB8MHxwaG90by1wYWdlfHx8fGVufDB8fHx8fA%3D%3D
4,Laptop,LT-6308-GR,https://images.unsplash.com/photo-1496181133206-80ce9b88a853?fm=jpg&amp;q=60&amp;w=3000&amp;ixlib=rb-4.0.3&amp;ixid=M3wxMjA3fDB8MHxwaG90by1wYWdlfHx8fGVufDB8fHx8fA%3D%3D
5,Laptop,LT-4897-SL,https://images.unsplash.com/photo-1575024357670-2b5164f470c3?fm=jpg&amp;q=60&amp;w=3000&amp;ixlib=rb-4.0.3&amp;ixid=M3wxMjA3fDB8MHxwaG90by1wYWdlfHx8fGVufDB8fHx8fA%3D%3D
6,Laptop,LT-7293-BK,https://images.unsplash.com/photo-1511385348-a52b4a160dc2?fm=jpg&amp;q=60&amp;w=3000&amp;ixlib=rb-4.0.3&amp;ixid=M3wxMjA3fDB8MHxwaG90by1wYWdlfHx8fGVufDB8fHx8fA%3D%3D
7,Tablet,TB-5412-BL,https://images.unsplash.com/photo-1590065672897-8cd8dc54a530?fm=jpg&amp;q=60&amp;w=3000&amp;ixlib=rb-4.0.3&amp;ixid=M3wxMjA3fDB8MHxwaG90by1wYWdlfHx8fGVufDB8fHx8fA%3D%3D
8,Tablet,TB-7577-GR,"https://images.unsplash.com/photo-1561154464-82e9adf32764?q=80&amp;w=387&amp;auto=format&amp;fit=crop&amp;ixlib=rb-4.0.3&amp;ixid=M3wxMjA3fDB8MHxwaG90by1wYWdlfHx8fGVufDB8fHx8fA%3D%3D 387w, https://images.unsplash.com/photo-1561154464-82e9adf32764?q=80&amp;w=687&amp;auto=format&amp;fit=crop&amp;ixlib=rb-4.0.3&amp;ixid=M3wxMjA3fDB8MHxwaG90by1wYWdlfHx8fGVufDB8fHx8fA%3D%3D 687w, https://images.unsplash.com/photo-1561154464-82e9adf32764?q=80&amp;w=774&amp;auto=format&amp;fit=crop&amp;ixlib=rb-4.0.3&amp;ixid=M3wxMjA3fDB8MHxwaG90by1wYWdlfHx8fGVufDB8fHx8fA%3D%3D 774w, https://images.unsplash.com/photo-1561154464-82e9adf32764?q=80&amp;w=987&amp;auto=format&amp;fit=crop&amp;ixlib=rb-4.0.3&amp;ixid=M3wxMjA3fDB8MHxwaG90by1wYWdlfHx8fGVufDB8fHx8fA%3D%3D 987w, https://images.unsplash.com/photo-1561154464-82e9adf32764?q=80&amp;w=1287&amp;auto=format&amp;fit=crop&amp;ixlib=rb-4.0.3&amp;ixid=M3wxMjA3fDB8MHxwaG90by1wYWdlfHx8fGVufDB8fHx8fA%3D%3D 1287w, https://images.unsplash.com/photo-1561154464-82e9adf32764?q=80&amp;w=1374&amp;auto=format&amp;fit=crop&amp;ixlib=rb-4.0.3&amp;ixid=M3wxMjA3fDB8MHxwaG90by1wYWdlfHx8fGVufDB8fHx8fA%3D%3D 1374w, https://images.unsplash.com/photo-1561154464-82e9adf32764?q=80&amp;w=1587&amp;auto=format&amp;fit=crop&amp;ixlib=rb-4.0.3&amp;ixid=M3wxMjA3fDB8MHxwaG90by1wYWdlfHx8fGVufDB8fHx8fA%3D%3D 1587w, https://images.unsplash.com/photo-1561154464-82e9adf32764?q=80&amp;w=1887&amp;auto=format&amp;fit=crop&amp;ixlib=rb-4.0.3&amp;ixid=M3wxMjA3fDB8MHxwaG90by1wYWdlfHx8fGVufDB8fHx8fA%3D%3D 1887w, https://images.unsplash.com/photo-1561154464-82e9adf32764?q=80&amp;w=1974&amp;auto=format&amp;fit=crop&amp;ixlib=rb-4.0.3&amp;ixid=M3wxMjA3fDB8MHxwaG90by1wYWdlfHx8fGVufDB8fHx8fA%3D%3D 1974w, https://images.unsplash.com/photo-1561154464-82e9adf32764?q=80&amp;w=2187&amp;auto=format&amp;fit=crop&amp;ixlib=rb-4.0.3&amp;ixid=M3wxMjA3fDB8MHxwaG90by1wYWdlfHx8fGVufDB8fHx8fA%3D%3D 2187w, https://images.unsplash.com/photo-1561154464-82e9adf32764?q=80&amp;w=2487&amp;auto=format&amp;fit=crop&amp;ixlib=rb-4.0.3&amp;ixid=M3wxMjA3fDB8MHxwaG90by1wYWdlfHx8fGVufDB8fHx8fA%3D%3D 2487w, https://images.unsplash.com/photo-1561154464-82e9adf32764?q=80&amp;w=2574&amp;auto=format&amp;fit=crop&amp;ixlib=rb-4.0.3&amp;ixid=M3wxMjA3fDB8MHxwaG90by1wYWdlfHx8fGVufDB8fHx8fA%3D%3D 2574w, https://images.unsplash.com/photo-1561154464-82e9adf32764?q=80&amp;w=2787&amp;auto=format&amp;fit=crop&amp;ixlib=rb-4.0.3&amp;ixid=M3wxMjA3fDB8MHxwaG90by1wYWdlfHx8fGVufDB8fHx8fA%3D%3D 2787w, https://images.unsplash.com/photo-1561154464-82e9adf32764?q=80&amp;w=3087&amp;auto=format&amp;fit=crop&amp;ixlib=rb-4.0.3&amp;ixid=M3wxMjA3fDB8MHxwaG90by1wYWdlfHx8fGVufDB8fHx8fA%3D%3D 3087w, https://images.unsplash.com/photo-1561154464-82e9adf32764?q=80&amp;w=3174&amp;auto=format&amp;fit=crop&amp;ixlib=rb-4.0.3&amp;ixid=M3wxMjA3fDB8MHxwaG90by1wYWdlfHx8fGVufDB8fHx8fA%3D%3D 3174w, https://images.unsplash.com/photo-1561154464-82e9adf32764?q=80&amp;w=3387&amp;auto=format&amp;fit=crop&amp;ixlib=rb-4.0.3&amp;ixid=M3wxMjA3fDB8MHxwaG90by1wYWdlfHx8fGVufDB8fHx8fA%3D%3D 3387w, https://images.unsplash.com/photo-1561154464-82e9adf32764?q=80&amp;w=3687&amp;auto=format&amp;fit=crop&amp;ixlib=rb-4.0.3&amp;ixid=M3wxMjA3fDB8MHxwaG90by1wYWdlfHx8fGVufDB8fHx8fA%3D%3D 3687w, https://images.unsplash.com/photo-1561154464-82e9adf32764?q=80&amp;w=3774&amp;auto=format&amp;fit=crop&amp;ixlib=rb-4.0.3&amp;ixid=M3wxMjA3fDB8MHxwaG90by1wYWdlfHx8fGVufDB8fHx8fA%3D%3D 3774w, https://images.unsplash.com/photo-1561154464-82e9adf32764?q=80&amp;w=3987&amp;auto=format&amp;fit=crop&amp;ixlib=rb-4.0.3&amp;ixid=M3wxMjA3fDB8MHxwaG90by1wYWdlfHx8fGVufDB8fHx8fA%3D%3D 3987w, https://images.unsplash.com/photo-1561154464-82e9adf32764?q=80&amp;w=4287&amp;auto=format&amp;fit=crop&amp;ixlib=rb-4.0.3&amp;ixid=M3wxMjA3fDB8MHxwaG90by1wYWdlfHx8fGVufDB8fHx8fA%3D%3D 4287w, https://images.unsplash.com/photo-1561154464-82e9adf32764?q=80&amp;w=4374&amp;auto=format&amp;fit=crop&amp;ixlib=rb-4.0.3&amp;ixid=M3wxMjA3fDB8MHxwaG90by1wYWdlfHx8fGVufDB8fHx8fA%3D%3D 4374w, https://images.unsplash.com/photo-1561154464-82e9adf32764?q=80&amp;w=4480&amp;auto=format&amp;fit=crop&amp;ixlib=rb-4.0.3&amp;ixid=M3wxMjA3fDB8MHxwaG90by1wYWdlfHx8fGVufDB8fHx8fA%3D%3D 4480w"" src=""https://images.unsplash.com/photo-1561154464-82e9adf32764?fm=jpg&amp;q=60&amp;w=3000&amp;ixlib=rb-4.0.3&amp;ixid=M3wxMjA3fDB8MHxwaG90by1wYWdlfHx8fGVufDB8fHx8fA%3D%3D"
9,Tablet,TB-5718-BK,https://images.unsplash.com/photo-1542751110-97427bbecf20?q=80&amp;w=784&amp;auto=format&amp;fit=crop&amp;ixlib=rb-4.0.3&amp;ixid=M3wxMjA3fDB8MHxwaG90by1wYWdlfHx8fGVufDB8fHx8fA%3D%3D
10,TV,TV-6428-BK,https://images.unsplash.com/photo-1521607630287-ee2e81ad3ced?fm=jpg&amp;q=60&amp;w=3000&amp;ixlib=rb-4.0.3&amp;ixid=M3wxMjA3fDB8MHxwaG90by1wYWdlfHx8fGVufDB8fHx8fA%3D%3D
11,TV,TV-7369-SL,https://images.unsplash.com/photo-1567690187548-f07b1d7bf5a9?fm=jpg&amp;q=60&amp;w=3000&amp;ixlib=rb-4.0.3&amp;ixid=M3wxMjA3fDB8MHxwaG90by1wYWdlfHx8fGVufDB8fHx8fA%3D%3D
12,TV,TV-1537-GR,https://images.unsplash.com/photo-1461151304267-38535e780c79?fm=jpg&amp;q=60&amp;w=3000&amp;ixlib=rb-4.0.3&amp;ixid=M3wxMjA3fDB8MHxwaG90by1wYWdlfHx8fGVufDB8fHx8fA%3D%3D
13,Headphones,HP-3610-BK,https://images.unsplash.com/photo-1546435770-a3e426bf472b?fm=jpg&amp;q=60&amp;w=3000&amp;ixlib=rb-4.0.3&amp;ixid=M3wxMjA3fDB8MHxwaG90by1wYWdlfHx8fGVufDB8fHx8fA%3D%3D
14,Headphones,HP-8923-SL,https://images.unsplash.com/photo-1566355800052-c1fff02fcbae?fm=jpg&amp;q=60&amp;w=3000&amp;ixlib=rb-4.0.3&amp;ixid=M3wxMjA3fDB8MHxwaG90by1wYWdlfHx8fGVufDB8fHx8fA%3D%3D
15,Headphones,HP-2789-GR,https://images.unsplash.com/photo-1585155784229-aff921ccfa10?fm=jpg&amp;q=60&amp;w=3000&amp;ixlib=rb-4.0.3&amp;ixid=M3wxMjA3fDB8MHxwaG90by1wYWdlfHx8fGVufDB8fHx8fA%3D%3D
